<?xml version="1.0" encoding="utf-8"?>
	<root>
		<clientversion version="1.3.22.331.1">
			<type cpu="armeabi-v7a">
				<info md5="8595E1DA9ABFF70B091446023FD00022" length="1378241" libagora-rtc-sdk-jni.bytes="07A11CF29D5D1A9B1B743A4C6342AE83" libagoraSdkCWrapper.bytes="1A1947C16EA1DB30556E3A2708AF09F6"/>
			</type>
			<type cpu="x86">
				<info md5="E2583B50C2EEAC70B73FEAFCF715CD9A" length="1894502" libagora-rtc-sdk-jni.bytes="38A370382F5F7C82D8D3B76A8F0B4104" libagoraSdkCWrapper.bytes="9AD3556A997A010914C00F8DDD90EAF5"/>
			</type>
		</clientversion>
		<clientversion version="1.3.38.351.1">
			<type cpu="armeabi-v7a">
				<info md5="8595E1DA9ABFF70B091446023FD00022" length="1378241" libagora-rtc-sdk-jni.bytes="07A11CF29D5D1A9B1B743A4C6342AE83" libagoraSdkCWrapper.bytes="1A1947C16EA1DB30556E3A2708AF09F6"/>
			</type>
			<type cpu="x86">
				<info md5="E2583B50C2EEAC70B73FEAFCF715CD9A" length="1894502" libagora-rtc-sdk-jni.bytes="38A370382F5F7C82D8D3B76A8F0B4104" libagoraSdkCWrapper.bytes="9AD3556A997A010914C00F8DDD90EAF5"/>
			</type>
		</clientversion>
		<clientversion version="1.3.58.377.1">
			<type cpu="arm64-v8a">
				<info md5="E56378BD22422CC16336C71DC7E86B83" length="1872320" libagora-rtc-sdk-jni.bytes="1F7043CB0DCEDE955CB92E04C283C1AC" libagoraSdkCWrapper.bytes="374E1FA92F455306BBC96CA25FF092ED"/>
			</type>
			<type cpu="armeabi-v7a">
				<info md5="8595E1DA9ABFF70B091446023FD00022" length="1378241" libagora-rtc-sdk-jni.bytes="07A11CF29D5D1A9B1B743A4C6342AE83" libagoraSdkCWrapper.bytes="1A1947C16EA1DB30556E3A2708AF09F6"/>
			</type>
			<type cpu="x86">
				<info md5="E2583B50C2EEAC70B73FEAFCF715CD9A" length="1894502" libagora-rtc-sdk-jni.bytes="38A370382F5F7C82D8D3B76A8F0B4104" libagoraSdkCWrapper.bytes="9AD3556A997A010914C00F8DDD90EAF5"/>
			</type>
		</clientversion>
		<clientversion version="1.3.84.409.1">
			<type cpu="arm64-v8a">
				<info md5="83AB6C88024F0F585728F602BC8D152E" length="2808834" libagora-rtc-sdk-jni.bytes="C4D8D1D31306369D941ABB065CC8343D" libagoraSdkCWrapper.bytes="E44E8EF7AAD94F4145301C914937EC65"/>
			</type>
			<type cpu="armeabi-v7a">
				<info md5="DA28A08000F2B10BE11B263FBD707500" length="2231041" libagora-rtc-sdk-jni.bytes="AC23F08766EE96ADEA94A6891265CB03" libagoraSdkCWrapper.bytes="7641C18F6888FDA32D6D4764153CC0A8"/>
			</type>
			<type cpu="x86">
				<info md5="8EB7E7CF6B637632B0F5AA1051B053E6" length="3005552" libagora-rtc-sdk-jni.bytes="C04B55519F12A5F3430A3744B4EFAC3F" libagoraSdkCWrapper.bytes="32CC84D263CAD6970617F4EC9294AC2B"/>
			</type>
		</clientversion>
		<clientversion version="1.4.02.430.1">
			<type cpu="arm64-v8a">
				<info md5="9F8FFF171E6EBDAB8EADD730E68D9707" length="2808762" libagora-rtc-sdk-jni.bytes="167AC074442E5595F98C9EDB878052D8" libagoraSdkCWrapper.bytes="00CAD4C5848467806A0E20AE5536B05A"/>
			</type>
			<type cpu="armeabi-v7a">
				<info md5="862931D1B48FD3AF6F79F07C6DFAA205" length="2231129" libagora-rtc-sdk-jni.bytes="95F7A7551229E014471D276405ADBA18" libagoraSdkCWrapper.bytes="DB0A2E725C7C754CA2685485970AAD92"/>
			</type>
			<type cpu="x86">
				<info md5="360BF5D69956F73820B4F47A31813D49" length="3005577" libagora-rtc-sdk-jni.bytes="11DAD4842844AEAEB9CB047A90793CC2" libagoraSdkCWrapper.bytes="8954E3A66B374CC966D110F3746051FD"/>
			</type>
		</clientversion>
		<clientversion version="1.5.98.655.1">
			<type cpu="arm64-v8a">
				<info md5="0DBCD98E559A5EE6590A35C5FB6B1839" length="2757775" libagora-rtc-sdk-jni.bytes="0D6960FE40187FF1C10577C01837F6C8" libagoraSdkCWrapper.bytes="1FE8BD8CF0DEC73224C43DF70B47CD60"/>
			</type>
			<type cpu="armeabi-v7a">
				<info md5="C3383FC1C945A9F64EC64BBF2F8FF93C" length="2280801" libagora-rtc-sdk-jni.bytes="B4931A382D60AFF760F5612B2FEE852D" libagoraSdkCWrapper.bytes="12AD66845626E1C43EDD0DA55630D360"/>
			</type>
			<type cpu="x86">
				<info md5="F3D1CF43D282E98E4B039FFF28072F33" length="3077656" libagora-rtc-sdk-jni.bytes="6A8AF890E2D27226C612485338B373C4" libagoraSdkCWrapper.bytes="710E5F846DB91CE931D3B41E69F3257D"/>
			</type>
		</clientversion>
		<clientversion version="1.6.24.683.1">
			<type cpu="arm64-v8a">
				<info md5="D87466329AD26FF0F10687FB7CFE2713" length="2757777" libagora-rtc-sdk-jni.bytes="766B1F9FE1EF707C12C21BA5235B209A" libagoraSdkCWrapper.bytes="1FE8BD8CF0DEC73224C43DF70B47CD60"/>
			</type>
			<type cpu="armeabi-v7a">
				<info md5="347371F76CCE99D8CC9FB51AAF54847D" length="2280798" libagora-rtc-sdk-jni.bytes="2F18E58A125658CB00B6E1636E7F3748" libagoraSdkCWrapper.bytes="12AD66845626E1C43EDD0DA55630D360"/>
			</type>
			<type cpu="x86">
				<info md5="0A535EE21A841B397F29C27CD939F9B8" length="3077654" libagora-rtc-sdk-jni.bytes="04350761ABC36FF588E83AB2A2D16D1E" libagoraSdkCWrapper.bytes="710E5F846DB91CE931D3B41E69F3257D"/>
			</type>
		</clientversion>
	</root>
