﻿<?xml version="1.0" encoding="UTF-8"?>
<noroot>
  <item name="Damn" md5="453292be666042d8680535be06b6954f" />
  <item name="Daveeee" md5="453292be888927d8680535be06b6954f" />
  <item name="AIValue_MC" md5="63047fb4a826f7e13ae2d102650f43d6" />
  <item name="Document" md5="c7a23d4d6fda8919e9a3d6c1efdfc929" />
  <item name="Hero+" md5="97553a2cbc7498f0e139558b2e60f315" />
  <item name="Network" md5="77b4c95722a8f3d6e3c14f10b27813f6" />
  <item name="HerodamageTower" md5="033b1cb13ea9d174c3a3c7e92693101f" />
  <item name="AntiBanned" md5="af3da4cd668aec4c49523b36809e0de6" />
    <item name="Specialdamagehero+" md5="af3da4cd668aec4c49523b8282828289e0de6" />
    <item name="Specialdamagehero" md5="872917be666042d8680535be06b67299f" />
      <item name="Skilldamage" md5="af3da4cd668aec4c49523b36728281dls" />
  <version name="604.1" />
  <Chou>
</noroot>












